{"cameraMode":{"drawMode":0,"name":"Shaded","section":"Shading Mode"},"sceneLighting":true,"audioPlay":false,"sceneViewState":{"showFog":true,"showMaterialUpdate":false,"showSkybox":true,"showFlares":true,"showImageEffects":true,"showParticleSystems":true},"in2DMode":false,"pivot":{"x":7.1887664794921879,"y":0.4109158515930176,"z":-57.71467971801758},"rotation":{"x":-0.02100188285112381,"y":0.9161612391471863,"z":-0.048427097499370578,"w":-0.3973202407360077},"size":2.1484885215759279,"orthographic":false}