{"cameraMode":{"drawMode":0,"name":"Shaded","section":"Shading Mode"},"sceneLighting":false,"audioPlay":false,"sceneViewState":{"showFog":true,"showMaterialUpdate":false,"showSkybox":false,"showFlares":true,"showImageEffects":true,"showParticleSystems":true},"in2DMode":false,"pivot":{"x":-4.710112571716309,"y":0.6209158897399902,"z":-9.055115699768067},"rotation":{"x":-0.02100188285112381,"y":0.9161612391471863,"z":-0.048427097499370578,"w":-0.3973202407360077},"size":2.148488998413086,"orthographic":false}