{"cameraMode":{"drawMode":0,"name":"Shaded","section":"Shading Mode"},"sceneLighting":true,"audioPlay":false,"sceneViewState":{"showFog":true,"showMaterialUpdate":false,"showSkybox":true,"showFlares":true,"showImageEffects":true,"showParticleSystems":true},"in2DMode":false,"pivot":{"x":-4.600557327270508,"y":0.4341278076171875,"z":-21.214731216430665},"rotation":{"x":-0.2257726639509201,"y":0.7155093550682068,"z":-0.26712456345558169,"w":-0.6047468781471252},"size":18.376140594482423,"orthographic":false}